,tp,fp,tn,fn,recall,precision,f1,score
0,39,2397,563,1,0.975,0.01600985221674877,0.03150242326332795,0.20066666666666666
